pubYear,totalCitations,meanCitations
2014,402,1.410526316
2015,1354,4.750877193
2016,1856,6.512280702
2017,2018,7.080701754
2018,2097,7.357894737
2019,659,2.312280702