pubYear,totalCitations,meanCitations
2011,175,0.723140496
2012,922,3.809917355
2013,1540,6.363636364
2014,1805,7.458677686
2015,1835,7.582644628
2016,1852,7.652892562
2017,1959,8.095041322
2018,1913,7.904958678
2019,564,2.330578512