pubYear,totalCitations,meanCitations
2013,137,1.304761905
2014,447,4.257142857
2015,608,5.79047619
2016,668,6.361904762
2017,700,6.666666667
2018,697,6.638095238
2019,191,1.819047619